arxiv_id,version,title,abstract,authors,published,updated,doi,journal_ref,primary_category,categories,link
1903.04601,1,Reconfigurable integrated waveguide meshes for photonic signal processing and emerging applications,"We review the recent advances reported in the field of integrated photonic waveguide meshes, both from the theoretical as well as from the experimental point of view. We show how these devices can be programmed to implement both traditional signal processing structures, such as finite and infinite impulse response filters, delay lines, beamforming networks as well as more advanced linear matrix optics functionalities. Experimental results reported both in Silicon and Silicon Nitride material platforms will be presented. We will also discuss the main programming algorithms to implement these structures and discuss their applications either as standalone systems or as part of more elaborated subsystems in microwave photonics, quantum information and machine learning",Daniel Perez; Ivana Gasulla; Jose Capmany,2019-02-11T11:57:03Z,2019-02-11T11:57:03Z,,Published in Photonics West 2018,physics.app-ph,physics.app-ph; eess.SP; physics.optics,https://arxiv.org/abs/1903.04601
2005.10937,4,Non-Coherent and Backscatter Communications: Enabling Ultra-Massive Connectivity in 6G Wireless Networks,"With the commencement of the 5G of wireless networks, researchers around the globe have started paying their attention to the imminent challenges that may emerge in the beyond 5G (B5G) era. Various revolutionary technologies and innovative services are offered in 5G networks, which, along with many principal advantages, are anticipated to bring a boom in the number of connected wireless devices and the types of use-cases that may cause the scarcity of network resources. These challenges partly emerged with the advent of massive machine-type communications (mMTC) services, require extensive research innovations to sustain the evolution towards enhanced-mMTC (e-mMTC) with the scalable network cost in 6\textsuperscript{th} generation (6G) wireless networks. Towards delivering the anticipated massive connectivity requirements with optimal energy and spectral efficiency besides low hardware cost, this paper presents an enabling framework for 6G networks, which utilizes two emerging technologies, namely, non-coherent communications and backscatter communications (BsC). Recognizing the coherence between these technologies for their joint potential of delivering e-mMTC services in the B5G era, a comprehensive review of their state-of-the-art is conducted. The joint scope of non-coherent and BsC with other emerging 6G technologies is also identified, where the reviewed technologies include unmanned aerial vehicles (UAVs)-assisted communications, visible light communications (VLC), quantum-assisted communications, reconfigurable large intelligent surfaces (RLIS), non-orthogonal multiple access (NOMA), and machine learning-aided intelligent networks. Subsequently, the scope of these enabling technologies for different device types, service types, and optimization parameters is analyzed...",Syed Junaid Nawaz; Shree Krishna Sharma; Babar Mansoor; Mohmammad N. Patwary; Noor M. Khan,2020-05-21T23:08:37Z,2021-02-20T21:12:18Z,10.1109/ACCESS.2021.3061499,,eess.SP,eess.SP,https://arxiv.org/abs/2005.10937
2007.13418,2,Intelligent Trajectory Planning in UAV-mounted Wireless Networks: A Quantum-Inspired Reinforcement Learning Perspective,"In this paper, we consider a wireless uplink transmission scenario in which an unmanned aerial vehicle (UAV) serves as an aerial base station collecting data from ground users. To optimize the expected sum uplink transmit rate without any prior knowledge of ground users (e.g., locations, channel state information and transmit power), the trajectory planning problem is optimized via the quantum-inspired reinforcement learning (QiRL) approach. Specifically, the QiRL method adopts novel probabilistic action selection policy and new reinforcement strategy, which are inspired by the collapse phenomenon and amplitude amplification in quantum computation theory, respectively. Numerical results demonstrate that the proposed QiRL solution can offer natural balancing between exploration and exploitation via ranking collapse probabilities of possible actions, compared to the traditional reinforcement learning approaches which are highly dependent on tuned exploration parameters.",Yuanjian Li; A. Hamid Aghvami; Daoyi Dong,2020-07-27T10:43:31Z,2021-03-02T21:54:45Z,,,eess.SP,eess.SP; eess.SY,https://arxiv.org/abs/2007.13418
2101.09712,1,Quantum Learning Based Nonrandom Superimposed Coding for Secure Wireless Access in 5G URLLC,"Secure wireless access in ultra-reliable low-latency communications (URLLC), which is a critical aspect of 5G security, has become increasingly important due to its potential support of grant-free configuration. In grant-free URLLC, precise allocation of different pilot resources to different users that share the same time-frequency resource is essential for the next generation NodeB (gNB) to exactly identify those users under access collision and to maintain precise channel estimation required for reliable data transmission. However, this process easily suffers from attacks on pilots. We in this paper propose a quantum learning based nonrandom superimposed coding method to encode and decode pilots on multidimensional resources, such that the uncertainty of attacks can be learned quickly and eliminated precisely. Particularly, multiuser pilots for uplink access are encoded as distinguishable subcarrier activation patterns (SAPs) and gNB decodes pilots of interest from observed SAPs, a superposition of SAPs from access users, by joint design of attack mode detection and user activity detection though a quantum learning network (QLN). We found that the uncertainty lies in the identification process of codeword digits from the attacker, which can be always modelled as a black-box model, resolved by a quantum learning algorithm and quantum circuit. Novel analytical closed-form expressions of failure probability are derived to characterize the reliability of this URLLC system with short packet transmission. Simulations how that our method can bring ultra-high reliability and low latency despite attacks on pilots.",Dongyang Xu; Pinyi Ren,2021-01-24T13:00:35Z,2021-01-24T13:00:35Z,,,eess.SP,eess.SP; cs.CR,https://arxiv.org/abs/2101.09712
2108.13184,2,Path Planning for Cellular-Connected UAV: A DRL Solution with Quantum-Inspired Experience Replay,"In cellular-connected unmanned aerial vehicle (UAV) network, a minimization problem on the weighted sum of time cost and expected outage duration is considered. Taking advantage of UAV's adjustable mobility, an intelligent UAV navigation approach is formulated to achieve the aforementioned optimization goal. Specifically, after mapping the navigation task into a Markov decision process (MDP), a deep reinforcement learning (DRL) solution with novel quantum-inspired experience replay (QiER) framework is proposed to help the UAV find the optimal flying direction within each time slot, and thus the designed trajectory towards the destination can be generated. Via relating experienced transition's importance to its associated quantum bit (qubit) and applying Grover iteration based amplitude amplification technique, the proposed DRL-QiER solution commits a better trade-off between sampling priority and diversity. Compared to several representative baselines, the effectiveness and supremacy of the proposed DRL-QiER solution are demonstrated and validated in numerical results.",Yuanjian Li; A. Hamid Aghvami; Daoyi Dong,2021-08-30T12:41:43Z,2021-09-16T23:02:12Z,,,eess.SP,eess.SP; eess.SY,https://arxiv.org/abs/2108.13184
2302.04445,2,Quantum Multi-Agent Actor-Critic Networks for Cooperative Mobile Access in Multi-UAV Systems,"This paper proposes a novel algorithm, named quantum multi-agent actor-critic networks (QMACN) for autonomously constructing a robust mobile access system employing multiple unmanned aerial vehicles (UAVs). In the context of facilitating collaboration among multiple unmanned aerial vehicles (UAVs), the application of multi-agent reinforcement learning (MARL) techniques is regarded as a promising approach. These methods enable UAVs to learn collectively, optimizing their actions within a shared environment, ultimately leading to more efficient cooperative behavior. Furthermore, the principles of a quantum computing (QC) are employed in our study to enhance the training process and inference capabilities of the UAVs involved. By leveraging the unique computational advantages of quantum computing, our approach aims to boost the overall effectiveness of the UAV system. However, employing a QC introduces scalability challenges due to the near intermediate-scale quantum (NISQ) limitation associated with qubit usage. The proposed algorithm addresses this issue by implementing a quantum centralized critic, effectively mitigating the constraints imposed by NISQ limitations. Additionally, the advantages of the QMACN with performance improvements in terms of training speed and wireless service quality are verified via various data-intensive evaluations. Furthermore, this paper validates that a noise injection scheme can be used for handling environmental uncertainties in order to realize robust mobile access.",Chanyoung Park; Won Joon Yun; Jae Pyoung Kim; Tiago Koketsu Rodrigues; Soohyun Park; Soyi Jung; Joongheon Kim,2023-02-09T05:31:57Z,2023-06-07T04:06:53Z,,,cs.MA,cs.MA; cs.AI; cs.LG,https://arxiv.org/abs/2302.04445
2303.11753,3,"Revolutionizing Modern Networks: Advances in AI, Machine Learning, and Blockchain for Quantum Satellites and UAV-based Communication","Quantum communication is the most secure technique of transmitting data available today. Fiber communication lines and satellite-to-ground links have served as the basis for the most successful quantum networks that have been developed so far. Using a UAV, satellite or both for free-space quantum communication reduces the need for permanent ground connections and takes advantage of the lower loss limit in space, which makes it more efficient. This work surveys the recent development in Quantum Satellites and Quantum UAVs-based networks. Here, the importance of the latest technologies, including quantum artificial intelligence, blockchain quantum machine learning, quantum satellites and quantum UAVs, are explored from network perspectives. Further, this work discussed the role of satellite-based images and artificial intelligence.",Adarsh Kumar; Ali Ismail Awad; Gaurav Sharma; Rajalakshmi Krishnamurthi; Saurabh Jain; P. Srikanth; Kriti Sharma; Mustapha Hedabou; Surinder Sood,2023-03-21T11:19:48Z,2024-09-02T05:33:03Z,,,cs.NI,cs.NI,https://arxiv.org/abs/2303.11753
2311.05239,4,"Towards Quantum-Native Communication Systems: State-of-the-Art, Trends, and Challenges","The potential synergy between quantum communications and future wireless communication systems is explored. By proposing a quantum-native or quantum-by-design philosophy, the survey examines technologies such as quantumdomain (QD) multi-input multi-output, QD non-orthogonal multiple access, quantum secure direct communication, QD resource allocation, QD routing, and QD artificial intelligence. The recent research advances in these areas are summarized. Given the behavior of photonic and particle-like Terahertz (THz) systems, a comprehensive system-oriented perspective is adopted to assess the feasibility of using quantum communications in future systems. This survey also reviews quantum optimization algorithms and quantum neural networks to explore the potential integration of quantum communication and quantum computing in future systems. Additionally, the current status of quantum sensing, quantum radar, and quantum timing is briefly reviewed in support of future applications. The associated research gaps and future directions are identified, including extending the entanglement coherence time, developing THz quantum communications devices, addressing challenges in channel estimation and tracking, and establishing the theoretical bounds and performance trade-offs of quantum communication, computing, and sensing. This survey offers a unique perspective on the potential for quantum communications to revolutionize future systems and pave the way for even more advanced technologies.",Xiaolin Zhou; Anqi Shen; Shuyan Hu; Wei Ni; Xin Wang; Ekram Hossain,2023-11-09T09:45:52Z,2025-05-29T12:02:40Z,,,quant-ph,quant-ph; cs.IT,https://arxiv.org/abs/2311.05239
2312.14448,1,Quantum-Assisted Joint Caching and Power Allocation for Integrated Satellite-Terrestrial Networks,"Low earth orbit (LEO) satellite network can complement terrestrial networks for achieving global wireless coverage and improving delay-sensitive Internet services. This paper proposes an integrated satellite-terrestrial network (ISTN) architecture to provide ground users with seamless and reliable content delivery services. For optimal service provisioning in this architecture, we formulate an optimization model to maximize the network throughput by jointly optimizing content delivery policy, cache placement, and transmission power allocation. The resulting optimization model is a large-scale mixed-integer nonlinear program (MINLP) that is intractable for classical computer solvers. Inspired by quantum computing techniques, we propose a hybrid quantum-classical generalized Benders' decomposition (HQCGBD) algorithm to address this challenge. Specifically, we first exploit the generalized Benders' decomposition (GBD) to decompose the problem into a master problem and a subproblem and then leverage the state-of-art quantum annealer to solve the challenging master problem.",Yu Zhang; Yanmin Gong; Lei Fan; Yu Wang; Zhu Han; Yuanxiong Guo,2023-12-22T05:25:23Z,2023-12-22T05:25:23Z,10.1109/TNSE.2024.3435444,,cs.NI,cs.NI; eess.SP,https://arxiv.org/abs/2312.14448
2312.15808,2,Quantum-Assisted Online Task Offloading and Resource Allocation in MEC-Enabled Satellite-Aerial-Terrestrial Integrated Networks,"In the era of Internet of Things (IoT), multi-access edge computing (MEC)-enabled satellite-aerial-terrestrial integrated network (SATIN) has emerged as a promising technology to provide massive IoT devices with seamless and reliable communication and computation services. This paper investigates the cooperation of low Earth orbit (LEO) satellites, high altitude platforms (HAPs), and terrestrial base stations (BSs) to provide relaying and computation services for vastly distributed IoT devices. Considering the uncertainty in dynamic SATIN systems, we formulate a stochastic optimization problem to minimize the time-average expected service delay by jointly optimizing resource allocation and task offloading while satisfying the energy constraints. To solve the formulated problem, we first develop a Lyapunov-based online control algorithm to decompose it into multiple one-slot problems. Since each one-slot problem is a large-scale mixed-integer nonlinear program (MINLP) that is intractable for classical computers, we further propose novel hybrid quantum-classical generalized Benders' decomposition (HQCGBD) algorithms to solve the problem efficiently by leveraging quantum advantages in parallel computing. Numerical results validate the effectiveness of the proposed MEC-enabled SATIN schemes.",Yu Zhang; Yanmin Gong; Lei Fan; Yu Wang; Zhu Han; Yuanxiong Guo,2023-12-25T20:44:02Z,2024-12-20T15:58:48Z,,,cs.NI,cs.NI,https://arxiv.org/abs/2312.15808
2312.16412,1,K-Space Beamforming for an Array of Quantum Sensors,"In this paper we present a novel beamforming technique that can be used with an array of quantum sensors. The transmit waveform is a short-duration frequency comb constructed using a finite number of sinusoidal tones separated by a fixed offset. Each element in the array is tuned to one of the tones. When the radiated signal is received by the aperture, each array element accumulates phase at a different rate since it is matched to only one frequency component of the comb waveform. The result is that over the duration of the received pulse, progressively higher spatial frequencies are generated across the aperture. By summing the outputs of all the array elements, a strong peak is created in k-space at the precise time instant when the phases of all the array elements align. The k-space coordinates of the output can then be transformed to angles as discussed in the paper. This paper also describes how to set waveform parameters and the separation between array elements. A desirable advantage of the proposed approach is that the received signal is amplified by the coherent integration gain of the entire spatial aperture.",Peter Vouras,2023-12-27T05:05:32Z,2023-12-27T05:05:32Z,,,eess.SP,eess.SP,https://arxiv.org/abs/2312.16412
2403.10342,1,Cooperative Jamming for Physical Layer Security Enhancement Using Deep Reinforcement Learning,"Wireless data communications are always facing the risk of eavesdropping and interception. Conventional protection solutions which are based on encryption may not always be practical as is the case for wireless IoT networks or may soon become ineffective against quantum computers. In this regard, Physical Layer Security (PLS) presents a promising approach to secure wireless communications through the exploitation of the physical properties of the wireless channel. Cooperative Friendly Jamming (CFJ) is among the PLS techniques that have received attention in recent years. However, finding an optimal transmit power allocation that results in the highest secrecy is a complex problem that becomes more difficult to address as the size of the wireless network increases. In this paper, we propose an optimization approach to achieve CFJ in large Wi-Fi networks by using a Reinforcement Learning Algorithm. Obtained results show that our optimization approach offers better secrecy results and becomes more effective as the network size and the density of Wi-Fi access points increase.",Sayed Amir Hoseini; Faycal Bouhafs; Neda Aboutorab; Parastoo Sadeghi; Frank den Hartog,2024-03-15T14:30:25Z,2024-03-15T14:30:25Z,,,cs.NI,cs.NI,https://arxiv.org/abs/2403.10342
2406.16994,1,Quantum Multi-Agent Reinforcement Learning for Cooperative Mobile Access in Space-Air-Ground Integrated Networks,"Achieving global space-air-ground integrated network (SAGIN) access only with CubeSats presents significant challenges such as the access sustainability limitations in specific regions (e.g., polar regions) and the energy efficiency limitations in CubeSats. To tackle these problems, high-altitude long-endurance unmanned aerial vehicles (HALE-UAVs) can complement these CubeSat shortcomings for providing cooperatively global access sustainability and energy efficiency. However, as the number of CubeSats and HALE-UAVs, increases, the scheduling dimension of each ground station (GS) increases. As a result, each GS can fall into the curse of dimensionality, and this challenge becomes one major hurdle for efficient global access. Therefore, this paper provides a quantum multi-agent reinforcement Learning (QMARL)-based method for scheduling between GSs and CubeSats/HALE-UAVs in order to improve global access availability and energy efficiency. The main reason why the QMARL-based scheduler can be beneficial is that the algorithm facilitates a logarithmic-scale reduction in scheduling action dimensions, which is one critical feature as the number of CubeSats and HALE-UAVs expands. Additionally, individual GSs have different traffic demands depending on their locations and characteristics, thus it is essential to provide differentiated access services. The superiority of the proposed scheduler is validated through data-intensive experiments in realistic CubeSat/HALE-UAV settings.",Gyu Seon Kim; Yeryeong Cho; Jaehyun Chung; Soohyun Park; Soyi Jung; Zhu Han; Joongheon Kim,2024-06-24T08:12:04Z,2024-06-24T08:12:04Z,,,eess.SP,eess.SP; cs.AI,https://arxiv.org/abs/2406.16994
2407.11051,3,"Exploring the 6G Potentials: Immersive, Hyper Reliable, and Low-Latency Communication","The transition towards the sixth-generation (6G) wireless telecommunications networks introduces significant challenges for researchers and industry stakeholders. The 6G technology aims to enhance existing usage scenarios through supporting innovative applications that require stringent key performance indicators (KPIs). In some critical use cases of 6G, multiple KPIs, including immersive throughput, with an envisioned peak data rate of $1$ Tbps, hyper-reliability, in the range of $10^{-5}$ to $10^{-7}$, and hyper low-latency, between $0.1$ and $1$ ms, must be achieved simultaneously to deliver the expected service experience. However, this is challenging due to the conflicting nature of these KPIs. This article proposes a new service class of 6G as immersive, hyper reliable, and low-latency communication (IHRLLC), and introduces a potential network architecture to achieve the associated KPIs. Specifically, enhanced technologies, such as ultra-massive multiple-input multiple-output (umMIMO)-aided terahertz (THz) communications, reconfigurable intelligent surfaces (RIS), and non-terrestrial networks (NTN), are viewed as the key enablers for achieving immersive data rates and hyper reliability. Given the computational complexity involved in employing these technologies, we propose mathematical and computational enabling technologies, such as learn-to-optimize (L2O), generative-AI (GenAI), quantum computing, and network digital twin (NDT), to complement the proposed architecture and optimize the latency.",Afsoon Alidadi Shamsabadi; Animesh Yadav; Yasser Gadallah; Halim Yanikomeroglu,2024-07-09T06:10:59Z,2025-01-15T00:12:26Z,,,cs.NI,cs.NI; eess.SY,https://arxiv.org/abs/2407.11051
2408.04747,1,Hybrid Quantum-Classical Neural Networks for Downlink Beamforming Optimization,"This paper investigates quantum machine learning to optimize the beamforming in a multiuser multiple-input single-output downlink system. We aim to combine the power of quantum neural networks and the success of classical deep neural networks to enhance the learning performance. Specifically, we propose two hybrid quantum-classical neural networks to maximize the sum rate of a downlink system. The first one proposes a quantum neural network employing parameterized quantum circuits that follows a classical convolutional neural network. The classical neural network can be jointly trained with the quantum neural network or pre-trained leading to a fine-tuning transfer learning method. The second one designs a quantum convolutional neural network to better extract features followed by a classical deep neural network. Our results demonstrate the feasibility of the proposed hybrid neural networks, and reveal that the first method can achieve similar sum rate performance compared to a benchmark classical neural network with significantly less training parameters; while the second method can achieve higher sum rate especially in presence of many users still with less training parameters. The robustness of the proposed methods is verified using both software simulators and hardware emulators considering noisy intermediate-scale quantum devices.",Juping Zhang; Gan Zheng; Toshiaki Koike-Akino; Kai-Kit Wong; Fraser Burton,2024-08-08T20:14:39Z,2024-08-08T20:14:39Z,,,cs.IT,cs.IT,https://arxiv.org/abs/2408.04747
2409.18631,1,Quantum Algorithms for Drone Mission Planning,"Mission planning often involves optimising the use of ISR (Intelligence, Surveillance and Reconnaissance) assets in order to achieve a set of mission objectives within allowed parameters subject to constraints. The missions of interest here, involve routing multiple UAVs visiting multiple targets, utilising sensors to capture data relating to each target. Finding such solutions is often an NP-Hard problem and cannot be solved efficiently on classical computers. Furthermore, during the mission new constraints and objectives may arise, requiring a new solution to be computed within a short time period. To achieve this we investigate near term quantum algorithms that have the potential to offer speed-ups against current classical methods. We demonstrate how a large family of these problems can be formulated as a Mixed Integer Linear Program (MILP) and then converted to a Quadratic Unconstrained Binary Optimisation (QUBO). The formulation provided is versatile and can be adapted for many different constraints with clear qubit scaling provided. We discuss the results of solving the QUBO formulation using commercial quantum annealers and compare the solutions to current edge classical solvers. We also analyse the results from solving the QUBO using Quantum Approximate Optimisation Algorithms (QAOA) and discuss their results. Finally, we also provide efficient methods to encode to the problem into the Variational Quantum Eigensolver (VQE) formalism, where we have tailored the ansatz to the problem making efficient use of the qubits available.",Ethan Davies; Pranav Kalidindi,2024-09-27T10:58:25Z,2024-09-27T10:58:25Z,,,quant-ph,quant-ph; cs.AI; math.OC,https://arxiv.org/abs/2409.18631
2410.16731,1,RIS-Assisted THz MIMO Wireless System in the Presence of Direct Link for CV-QKD with Limited Quantum Memory,"A reconfigurable intelligent surface (RIS)-aided multiple-input multiple-output (MIMO) wireless communication system is considered in this paper wherein the transmitter, Alice modulates secret keys, by using a continuous variable quantum key distribution technique to be transmitted to the receiver, Bob, which employs homodyne detection for data decoding. The data is transmitted over two paths, namely a direct path between Alice and Bob and the wireless path between them via the RIS. Transmit and receive beamsplitters are employed in the system to transform the MIMO terahertz channels into parallel single-input single-output channels. Considering an eavesdropper, Eve, to attack all the three wireless channels in the system (i.e., the direct channel, the channel between Alice and RIS, and between the RIS and Bob) but having restricted quantum memory limiting it to store the ancilla modes from either of these three wireless channels, novel expressions for the secret key rate (SKR) of the system are derived. Numerical results are presented to demonstrate the dependency of the system's performance on various system parameters. It is observed that the RIS plays a key role in increasing the SKR of the system and the transmission distance, ensuring secure communications between Alice and Bob. The significance of employing RIS is observed specifically for the case when Eve measures the ancilla modes of the channel between the RIS and Bob. Furthermore, for all such measurement scenarios, optimal angles are obtained for the phase shifts of the RIS elements to maximize the SKR for various MIMO configurations and transmission distance between Alice and Bob.",Sushil Kumar; Soumya P. Dash,2024-10-22T06:30:25Z,2024-10-22T06:30:25Z,,,cs.IT,cs.IT,https://arxiv.org/abs/2410.16731
2411.01312,2,From Federated Learning to Quantum Federated Learning for Space-Air-Ground Integrated Networks,"6G wireless networks are expected to provide seamless and data-based connections that cover space-air-ground and underwater networks. As a core partition of future 6G networks, Space-Air-Ground Integrated Networks (SAGIN) have been envisioned to provide countless real-time intelligent applications. To realize this, promoting AI techniques into SAGIN is an inevitable trend. Due to the distributed and heterogeneous architecture of SAGIN, federated learning (FL) and then quantum FL are emerging AI model training techniques for enabling future privacy-enhanced and computation-efficient SAGINs. In this work, we explore the vision of using FL/QFL in SAGINs. We present a few representative applications enabled by the integration of FL and QFL in SAGINs. A case study of QFL over UAV networks is also given, showing the merit of quantum-enabled training approach over the conventional FL benchmark. Research challenges along with standardization for QFL adoption in future SAGINs are also highlighted.",Vu Khanh Quy; Nguyen Minh Quy; Tran Thi Hoai; Shaba Shaon; Md Raihan Uddin; Tien Nguyen; Dinh C. Nguyen; Aryan Kaushik; Periklis Chatzimisios,2024-11-02T17:13:00Z,2024-11-06T18:35:53Z,,,cs.LG,cs.LG; cs.AI; cs.CR,https://arxiv.org/abs/2411.01312
2501.08418,2,CVaR-Based Variational Quantum Optimization for User Association in Handoff-Aware Vehicular Networks,"Efficient resource allocation is essential for optimizing various tasks in wireless networks, which are usually formulated as generalized assignment problems (GAP). GAP, as a generalized version of the linear sum assignment problem, involves both equality and inequality constraints that add computational challenges. In this work, we present a novel Conditional Value at Risk (CVaR)-based Variational Quantum Eigensolver (VQE) framework to address GAP in vehicular networks (VNets). Our approach leverages a hybrid quantum-classical structure, integrating a tailored cost function that balances both objective and constraint-specific penalties to improve solution quality and stability. Using the CVaR-VQE model, we handle the GAP efficiently by focusing optimization on the lower tail of the solution space, enhancing both convergence and resilience on noisy intermediate-scale quantum (NISQ) devices. We apply this framework to a user-association problem in VNets, where our method achieves 23.5% improvement compared to the deep neural network (DNN) approach.",Zijiang Yan; Hao Zhou; Jianhua Pei; Aryan Kaushik; Hina Tabassum; Ping Wang,2025-01-14T20:21:06Z,2025-02-04T19:51:53Z,,,cs.LG,cs.LG; cs.AI; cs.NI; eess.SY,https://arxiv.org/abs/2501.08418
2502.00142,1,Open RAN Slicing with Quantum Optimization,"RAN slicing technology is a key aspect of the Open RAN paradigm, allowing simultaneous and independent provision of various services such as ultra-reliable low-latency communications (URLLC), enhanced mobile broadband (eMBB), and massive machine-type communications (mMTC) through virtual networks that share a single radio access infrastructure. Efficient resource allocation is crucial for RAN slicing, as each service has specific quality of service (QoS) requirements, and a balance between different services must be maintained. Although heuristic and reinforcement learning (RL) techniques have been explored to achieve efficient resource allocation, these approaches face notable limitations: heuristic algorithms face complexity issues that limit their effectiveness in large networks, RL solutions are constrained by their dependency on training data and struggle to adapt to new scenarios and environments. This paper proposes a framework that leverages quantum optimization techniques to optimize radio resource blocks allocation in Open RAN slicing for URLLC and eMBB services. We provide a classical problem formulation and the quantum implementation using the constrained quadratic model on Dwave quantum annealing platform, showcasing the potential of quantum optimization techniques to deliver in real-time optimal solutions for optimization problems in 5G and beyond networks.",Patatchona Keyela; Soumaya Cherkaoui,2025-01-31T19:57:56Z,2025-01-31T19:57:56Z,,,cs.NI,cs.NI,https://arxiv.org/abs/2502.00142
2505.03914,1,Hybrid Quantum-Classical Maximum-Likelihood Detection via Grover-based Adaptive Search for RIS-assisted Broadband Wireless Systems,"The escalating complexity and stringent performance demands of sixth-generation wireless systems necessitate advanced signal processing methods capable of simultaneously achieving high spectral efficiency and low computational complexity, especially under frequency-selective propagation conditions. In this paper, we propose a hybrid quantum-classical detection framework for broadband systems enhanced by reconfigurable intelligent surfaces (RISs). We address the maximum likelihood detection (MLD) problem for RIS-aided broadband wireless communications by formulating it as a quadratic unconstrained binary optimization problem, that is then solved using Grover adaptive search (GAS). To accelerate convergence, we initialize the GAS algorithm with a threshold based on a classical minimum mean-squared error detector. The simulation results show that the proposed hybrid classical-quantum detection scheme achieves near-optimal MLD performance while substantially reducing query complexity. These findings highlight the potential of quantum-enhanced detection strategies combined with RIS technology, offering efficient and near-optimal solutions for broadband wireless communications.",Maryam Tariq; Raneem Abdelrahim; Omar Alhussein; Sami Muhaidat,2025-05-06T18:40:40Z,2025-05-06T18:40:40Z,,,eess.SP,eess.SP; cs.NI,https://arxiv.org/abs/2505.03914
2506.12195,1,"OSI Stack Redesign for Quantum Networks: Requirements, Technologies, Challenges, and Future Directions","Quantum communication is poised to become a foundational element of next-generation networking, offering transformative capabilities in security, entanglement-based connectivity, and computational offloading. However, the classical OSI model-designed for deterministic and error-tolerant systems-cannot support quantum-specific phenomena such as coherence fragility, probabilistic entanglement, and the no-cloning theorem. This paper provides a comprehensive survey and proposes an architectural redesign of the OSI model for quantum networks in the context of 7G. We introduce a Quantum-Converged OSI stack by extending the classical model with Layer 0 (Quantum Substrate) and Layer 8 (Cognitive Intent), supporting entanglement, teleportation, and semantic orchestration via LLMs and QML. Each layer is redefined to incorporate quantum mechanisms such as enhanced MAC protocols, fidelity-aware routing, and twin-based applications. This survey consolidates over 150 research works from IEEE, ACM, MDPI, arXiv, and Web of Science (2018-2025), classifying them by OSI layer, enabling technologies such as QKD, QEC, PQC, and RIS, and use cases such as satellite QKD, UAV swarms, and quantum IoT. A taxonomy of cross-layer enablers-such as hybrid quantum-classical control, metadata-driven orchestration, and blockchain-integrated quantum trust-is provided, along with simulation tools including NetSquid, QuNetSim, and QuISP. We present several domain-specific applications, including quantum healthcare telemetry, entangled vehicular networks, and satellite mesh overlays. An evaluation framework is proposed based on entropy throughput, coherence latency, and entanglement fidelity. Key future directions include programmable quantum stacks, digital twins, and AI-defined QNet agents, laying the groundwork for a scalable, intelligent, and quantum-compliant OSI framework for 7G and beyond.",Shakil Ahmed; Muhammad Kamran Saeed; Ashfaq Khokhar,2025-06-13T19:48:18Z,2025-06-13T19:48:18Z,,,quant-ph,quant-ph; cs.CR; cs.IT; cs.LG; cs.NI,https://arxiv.org/abs/2506.12195
2506.15753,2,QPPG: Quantum-Preconditioned Policy Gradient for Link Adaptation in Rayleigh Fading Channels,"Reliable link adaptation is critical for efficient wireless communications in dynamic fading environments. However, reinforcement learning (RL) solutions often suffer from unstable convergence due to poorly conditioned policy gradients, hindering their practical application. We propose the quantum-preconditioned policy gradient (QPPG) algorithm, which leverages Fisher-information-based preconditioning to stabilise and accelerate policy updates. Evaluations in Rayleigh fading scenarios show that QPPG achieves faster convergence, a 28.6% increase in average throughput, and a 43.8% decrease in average transmit power compared to classical methods. This work introduces quantum-geometric conditioning to link adaptation, marking a significant advance in developing robust, quantum-inspired reinforcement learning for future 6G networks, thereby enhancing communication reliability and energy efficiency.",Oluwaseyi Giwa; Muhammad Ahmed Mohsin; Folarin Jubril Adesola; Muhammad Ali Jamshed,2025-06-18T07:20:54Z,2025-10-22T10:51:28Z,10.1109/LWC.2026.3694465,IEEE Wireless Communications Letters 2026,quant-ph,quant-ph; cs.LG; eess.SY,https://arxiv.org/abs/2506.15753
2508.21361,1,QUAV: Quantum-Assisted Path Planning and Optimization for UAV Navigation with Obstacle Avoidance,"The growing demand for drone navigation in urban and restricted airspaces requires real-time path planning that is both safe and scalable. Classical methods often struggle with the computational load of high-dimensional optimization under dynamic constraints like obstacle avoidance and no-fly zones. This work introduces QUAV, a quantum-assisted UAV path planning framework based on the Quantum Approximate Optimization Algorithm (QAOA), to the best of our knowledge, this is one of the first applications of QAOA for drone trajectory optimization. QUAV models pathfinding as a quantum optimization problem, allowing efficient exploration of multiple paths while incorporating obstacle constraints and geospatial accuracy through UTM coordinate transformation. A theoretical analysis shows that QUAV achieves linear scaling in circuit depth relative to the number of edges, under fixed optimization settings. Extensive simulations and a real-hardware implementation on IBM's ibm_kyiv backend validate its performance and robustness under noise. Despite hardware constraints, results demonstrate that QUAV generates feasible, efficient trajectories, highlighting the promise of quantum approaches for future drone navigation systems.",Nouhaila Innan; Muhammad Kashif; Alberto Marchisio; Yung-Sze Gan; Frederic Barbaresco; Muhammad Shafique,2025-08-29T06:59:21Z,2025-08-29T06:59:21Z,,,quant-ph,quant-ph,https://arxiv.org/abs/2508.21361
2509.01812,1,Quantum Machine Learning for UAV Swarm Intrusion Detection,"Intrusion detection in unmanned-aerial-vehicle (UAV) swarms is complicated by high mobility, non-stationary traffic, and severe class imbalance. Leveraging a 120 k-flow simulation corpus that covers five attack types, we benchmark three quantum-machine-learning (QML) approaches - quantum kernels, variational quantum neural networks (QNNs), and hybrid quantum-trained neural networks (QT-NNs) - against strong classical baselines. All models consume an 8-feature flow representation and are evaluated under identical preprocessing, balancing, and noise-model assumptions. We analyse the influence of encoding strategy, circuit depth, qubit count, and shot noise, reporting accuracy, macro-F1, ROC-AUC, Matthews correlation, and quantum-resource footprints. Results reveal clear trade-offs: quantum kernels and QT-NNs excel in low-data, nonlinear regimes, while deeper QNNs suffer from trainability issues, and CNNs dominate when abundant data offset their larger parameter count. The complete codebase and dataset partitions are publicly released to enable reproducible QML research in network security.",Kuan-Cheng Chen; Samuel Yen-Chi Chen; Tai-Yue Li; Chen-Yu Liu; Kin K. Leung,2025-09-01T22:36:30Z,2025-09-01T22:36:30Z,,,quant-ph,quant-ph; cs.AI; eess.SY,https://arxiv.org/abs/2509.01812
2509.08171,1,RAPID Quantum Detection and Demodulation of Covert Communications: Breaking the Noise Limit with Solid-State Spin Sensors,"We introduce a comprehensive framework for the detection and demodulation of covert electromagnetic signals using solid-state spin sensors. Our approach, named RAPID, is a two-stage hybrid strategy that leverages nitrogen-vacancy (NV) centers to operate below the classical noise floor employing a robust adaptive policy via imitation and distillation. We first formulate the joint detection and estimation task as a unified stochastic optimal control problem, optimizing a composite Bayesian risk objective under realistic physical constraints. The RAPID algorithm solves this by first computing a robust, non-adaptive baseline protocol grounded in the quantum Fisher information matrix (QFIM), and then using this baseline to warm-start an online, adaptive policy learned via deep reinforcement learning (Soft Actor-Critic). This method dynamically optimizes control pulses, interrogation times, and measurement bases to maximize information gain while actively suppressing non-Markovian noise and decoherence. Numerical simulations demonstrate that the protocol achieves a significant sensitivity gain over static methods, maintains high estimation precision in correlated noise environments, and, when applied to sensor arrays, enables coherent quantum beamforming that achieves Heisenberg-like scaling in precision. This work establishes a theoretically rigorous and practically viable pathway for deploying quantum sensors in security-critical applications such as electronic warfare and covert surveillance.",Amirhossein Taherpour; Abbas Taherpour; Tamer Khattab,2025-09-09T22:12:28Z,2025-09-09T22:12:28Z,,,quant-ph,quant-ph; cs.LG; eess.SP,https://arxiv.org/abs/2509.08171
2510.23610,1,Dynamic RIS-Assisted THz Quantum Networks: Joint Optimization of Entanglement Generation and Fidelity under Channel Impairments,"Quantum networks (QNs) supported by terahertz (THz) wireless links present a transformative alternative to fiber-based infrastructures, particularly in mobile and infrastructure-scarce environments. However, signal attenuation, molecular absorption, and severe propagation losses in THz channels pose significant challenges to reliable quantum state transmission and entanglement distribution. To overcome these limitations, we propose a dynamic reconfigurable intelligent surface (RIS)-assisted wireless QN architecture that leverages adaptive RIS elements capable of switching between active and passive modes based on the incident signal-to-noise ratio (SNR). These dynamic RIS elements enhance beamforming control over amplitude and phase, enabling robust redirection and compensation for THz-specific impairments. We develop a detailed analytical model that incorporates key physical layer phenomena in THz quantum links, including path loss, fading, thermal noise, and alignment variations. A secure optimization framework is formulated to jointly determine RIS placement and entanglement generation rate (EGR) allocation, while satisfying fidelity, security, and fairness constraints under diverse quality of service (QoS) demands. The model also includes an exploration of side-channel vulnerabilities arising from dynamic RIS switching patterns. Simulation results demonstrate that the proposed architecture yields up to 87\% fidelity enhancement and 65\% fairness improvement compared to static RIS baselines, while maintaining robustness under realistic THz channel conditions. These results underscore the promise of dynamic RIS technology in enabling scalable and adaptive quantum communications over wireless THz links.",Shakil Ahmed,2025-09-25T19:46:08Z,2025-09-25T19:46:08Z,,,quant-ph,quant-ph; cs.ET; cs.IT,https://arxiv.org/abs/2510.23610
2510.15935,1,Quantum Approximate Optimization Algorithm for MIMO with Quantized b-bit Beamforming,"Multiple-input multiple-output (MIMO) is critical for 6G communication, offering improved spectral efficiency and reliability. However, conventional fully digital designs face significant challenges due to high hardware complexity and power consumption. Low-bit MIMO architectures, such as those employing b-bit quantized phase shifters, provide a cost-effective alternative but introduce NP-hard combinatorial problems in the pre- and post-coding design. This paper explores the use of the Quantum Approximate Optimization Algorithm (QAOA) and alternating optimization to address the problem of b-bit quantized phase shifters both at the transmitter and the receiver. We demonstrate that the structure of this quantized beamforming problem aligns naturally with hybrid-classical methods like QAOA, as the phase shifts used in beamforming can be directly mapped to rotation gates in a quantum circuit. Notably, this paper is the first to show that theoretical connection. Then, the Hamiltonian derivation analysis for the b-bit case is presented, which could have applications in different fields, such as integrated sensing and communication, and emerging quantum algorithms such as quantum machine learning. In addition, a warm-start QAOA approach is studied which improves computational efficiency. Numerical results highlight the effectiveness of the proposed methods in achieving an improved quantized beamforming gain over their classical optimization benchmarks from the literature.",Nikos A Mitsiou; Ioannis Krikidis; George K Karagiannidis,2025-10-07T17:53:02Z,2025-10-07T17:53:02Z,10.1109/JSTSP.2025.3615537,,cs.ET,cs.ET; cs.IT; quant-ph,https://arxiv.org/abs/2510.15935
2510.17861,1,Quantum-Driven State-Reduction for Reliable UAV Trajectory Optimization in Low-Altitude Networks,"This letter introduces a Graph-Condensed Quantum-Inspired Placement (GC-QAP) framework for reliability-driven trajectory optimization in Uncrewed Aerial Vehicle (UAV) assisted low-altitude wireless networks. The dense waypoint graph is condensed using probabilistic quantum-annealing to preserve interference-aware centroids while reducing the control state space and maintaining link-quality. The resulting problem is formulated as a priority-aware Markov decision process and solved using epsilon-greedy off-policy Q-learning, considering UAV kinematic and flight corridor constraints. Unlike complex continuous-action reinforcement learning approaches, GC-QAP achieves stable convergence and low outage with substantially and lower computational cost compared to baseline schemes.",Zeeshan Kaleem; Muhammad Afaq; Chau Yuen; Octavia A. Dobre; John M. Cioffi,2025-10-15T14:25:06Z,2025-10-15T14:25:06Z,,,eess.SY,eess.SY,https://arxiv.org/abs/2510.17861
2510.14838,1,Dynamic-Key-Aware Co-Simulation Framework for Next Generation of SCADA Systems Encrypted by Quantum-Key-Distribution Techniques,"To address growing cybersecurity challenges in modern power dispatch systems, this paper proposes a multi-layer modeling and optimization framework for SCADA systems enhanced with quantum key distribution (QKD). While most existing applications of QKD in the power sector focus on building secure point-to-point communication tunnels, they rarely consider the system-level coupling between key dynamics and control scheduling. In contrast, our approach integrates quantum key generation, consumption, inventory prediction, and control latency into a unified model, enabling key-aware reconfiguration of SCADA control chains based on task security demands and real-time resource constraints. To resolve conflicts in key resource allocation between transmission system operators (TSOs) and distribution system operators (DSOs), we formulate a bi-level Stackelberg game and transform it into a mathematical program with complementarity constraints (MPCC). We further develop an efficient Level Decomposition-Complementarity Pruning (LD-CP) algorithm to solve the problem. To support reproducible evaluation, we build an end-to-end co-simulation platform that integrates physical-layer disruptions via OpenQKD-Sim, Q3P/IEC-104 protocol stack binding, and real-time control-chain monitoring through Grafana. Experimental results on the IEEE 39- and 118-bus systems show that our method increases task success rate by 25%, reduces peak frequency deviation by 70%, and improves key utilization to 83%. This work lays the foundation for future quantum-secure control systems in power grid operations.",Ziqing Zhu,2025-10-16T16:12:35Z,2025-10-16T16:12:35Z,,,eess.SY,eess.SY,https://arxiv.org/abs/2510.14838
2510.24384,1,Optimal Unmanned Aerial Vehicle Deployment for Macro-Micro Traffic Monitoring Fused with Connected Vehicles,"Reliable estimation of macro and micro traffic states is essential for urban traffic management. Unmanned Aerial Vehicles, with their airborne full-sample continuous trajectory observation, bring new opportunities for macro- and micro-traffic state estimation. In this study, we will explore the optimal UAV deployment problem in road networks in conjunction with sampled connected vehicle data to achieve more reliable estimation of macroscopic path flow as well as microscopic arrival rates and queue lengths. Oriented towards macro-micro traffic states, we propose entropy-based and area-based uncertainty measures, respectively, and transform the optimal UAV deployment problem into minimizing the uncertainty of macro-micro traffic states. A quantum genetic algorithm that integrates the thoughts of metaheuristic algorithms and quantum computation is then proposed to solve the large-scale nonlinear problem efficiently. Evaluation results on a network with 18 intersections have demonstrated that by deploying UAV detection at specific locations, the uncertainty reduction of macro-micro traffic state estimation ranges from 15.28\% to 75.69\%. A total of 5 UAVs with optimal location schemes would be sufficient to detect over 95\% of the paths in the network considering both microscopic uncertainty regarding the intersection operation efficiency and the macroscopic uncertainty regarding the route choice of road users.",Chaopeng Tan; Jiarong Yao; Meng Wang,2025-10-28T13:01:07Z,2025-10-28T13:01:07Z,,,math.OC,math.OC,https://arxiv.org/abs/2510.24384
2510.24460,1,Collaborating Unmanned Aerial Vehicle and Ground Sensors for Urban Signalized Network Traffic Monitoring,"Reliable estimation of network-wide traffic states is essential for urban traffic management. Unmanned Aerial Vehicles (UAVs), with their airborne full-sample continuous trajectory observation, bring new opportunities for traffic state estimation. In this study, we will explore the optimal UAV deployment problem in road networks in conjunction with ground sensors, including connected vehicle (CV) and loop detectors, to achieve more reliable estimation of vehicle path reconstruction as well as movement-based arrival rates and queue lengths. Oriented towards reliable estimation of traffic states, we propose an index, feasible domain size, as the uncertainty measurement, and transform the optimal UAV deployment problem into minimizing the observation uncertainty of network-wide traffic states. Given the large-scale and nonlinear nature of the problem, an improved quantum genetic algorithm (IQGA) that integrates two customized operators is proposed to enhance neighbor searching and solution refinement, thereby improving the observability of UAV pairs. Evaluation was conducted on an empirical network with 18 intersections. Results demonstrated that a UAV fleet size of 7 is sufficient for traffic monitoring, with more than 60\% of network-wide observation uncertainty reduced. Through horizontal comparison with three baselines, the optimal UAV location scheme obtained by the proposed method can reach an improvement of up to 7.23\% and 5.02\% in the estimation accuracy of arrival rate and queue length, respectively. The proposed IQGA is also shown to be faster in solution convergence than the classic QGA by about 9.22\% with better exploration ability in optimum searching.",Jiarong Yao; Chaopeng Tan; Meng Wang; Wei Ma,2025-10-28T14:27:33Z,2025-10-28T14:27:33Z,,,math.OC,math.OC,https://arxiv.org/abs/2510.24460
2510.25411,1,Quantum-Resilient Threat Modelling for Secure RIS-Assisted ISAC in 6G UAV Corridors,"The rapid deployment of unmanned aerial vehicle (UAV) corridors in sixth-generation (6G) networks requires safe, intelligence-driven integrated sensing and communications (ISAC). Reconfigurable intelligent surfaces (RIS) enhance spectrum efficiency, localisation accuracy, and situational awareness, while introducing new vulnerabilities. The rise of quantum computing increases the risks associated with harvest-now-decrypt-later strategies and quantum-enhanced spoofing. We propose a Quantum-Resilient Threat Modelling (QRTM) framework for RIS-assisted ISAC in UAV corridors to address these challenges. QRTM integrates classical, quantum-ready, and quantum-aided adversaries, countered using post-quantum cryptographic (PQC) primitives: ML-KEM for key establishment and Falcon for authentication, both embedded within RIS control signalling and UAV coordination. To strengthen security sensing, the framework introduces RIS-coded scene watermarking validated through a generalised likelihood ratio test (GLRT), with its detection probability characterised by the Marcum Q function. Furthermore, a Secure ISAC Utility (SIU) jointly optimises secrecy rate, spoofing detection, and throughput under RIS constraints, enabled by a scheduler with computational complexity of O(n^2). Monte Carlo evaluations using 3GPP Release 19 mid-band urban-canyon models (7-15 GHz) demonstrate a spoof-detection probability approaching 0.99 at a false-alarm rate of 1e-3, secrecy-rate retention exceeding 90 percent against quantum-capable adversaries, and signal-interference utilisation improvements of about 25 percent compared with baselines. These results show a standards-compliant path towards reliable, quantum-resilient ISAC for UAV corridors in smart cities and non-terrestrial networks.",Sana Hafeez; Ghulam E Mustafa Abro; Hifza Mustafa,2025-10-29T11:28:42Z,2025-10-29T11:28:42Z,,"In Proceedings of the IEEE International Conference on Computational Intelligence, Security, and Artificial Intelligence (CISAI 2025), Saudi Arabia, 2025",eess.SY,eess.SY,https://arxiv.org/abs/2510.25411
2511.03717,1,Quantum Noise-Aware RIS-Aided Wireless Networks Using Variational Encoding and Signal Stabilization,"This paper presents a noise-aware quantum-assisted framework for blockage prediction in reconfigurable intelligent surface (RIS)-enabled wireless networks. The proposed architecture integrates a Quantum Base Station (QBS), a Quantum RIS (QRIS), and a mobile Quantum User Node (QUN). Visual information captured by an onboard RGB camera is amplitude-encoded into quantum states, while channel state observations are mapped into quantum rotation-encoded features. These hybrid inputs are processed through variational quantum circuits, enabling ternary classification of the link status. To address the inherent imperfections of noisy intermediate-scale quantum (NISQ) hardware, the system explicitly models depolarizing and dephasing channels along direct and QRIS-assisted paths. A fidelity-aware training objective is employed to jointly minimize classification loss and quantum state degradation, with amplitude damping and synthetic noise injection enhancing robustness. Simulation results on a quantum-adapted version of the ViWi dataset demonstrate that the proposed hybrid quantum model achieves superior accuracy and stability under realistic noise conditions, outperforming baseline and single-modality approaches.",Shakil Ahmed,2025-11-05T18:51:24Z,2025-11-05T18:51:24Z,,,math.QA,math.QA,https://arxiv.org/abs/2511.03717
2511.04173,1,Hybrid Quantum-Classical Detection for RIS-Assisted SC-FDE via Grover Adaptive Search,"Wideband and low-latency requirements in sixth-generation (6G) networks demand detectors that approach maximum-likelihood (ML) performance without incurring exponential complexity. This work develops a hybrid quantum-classical detection framework for reconfigurable intelligent surface (RIS)-assisted single-carrier (SC) frequency-domain equalization (FDE) over frequency-selective channels. The ML detection objective is reformulated as a quadratic unconstrained binary optimization (QUBO) problem and solved via Grover adaptive search (GAS). To accelerate convergence, we introduce a frequency-domain MMSE threshold that exploits the circulant structure of SC-FDE channels, yielding low-complexity initialization. The framework is evaluated across varying channel lengths and RIS sizes, confirming robustness and scalability. In addition, GAS requirements are quantified through register widths and gate counts, and its query complexity is analyzed to characterize the algorithm's cost for block transmission in frequency-selective channels. Quantum circuit simulations are conducted in Qiskit under both ideal and noisy conditions. In the ideal case, the detector achieves near-optimal performance while benefiting from Grover's quadratic speedup, reducing the search cost from from O(M^N) exhaustive evaluations to O(SQRT(M^N)) oracle queries. Under noise, the shallow depth of the GAS circuits, aided by MMSE initialization, makes depolarizing errors negligible, while readout errors introduce moderate degradation yet still preserve performance close to the MMSE baseline. These results establish the feasibility of quantum-enhanced detection for RIS-assisted broadband communications, highlighting both algorithmic scalability and practical robustness for 6G networks.",Maryam Tariq; Omar Alhussein; Raneem Abdelraheem; Abdullah Quran; Georges Kaddoum; Sami Muhaidat,2025-11-06T08:25:22Z,2025-11-06T08:25:22Z,,,cs.NI,cs.NI,https://arxiv.org/abs/2511.04173
2511.05021,1,Continuous-variable Measurement Device Independent MIMO Quantum Key Distribution for THz Communications,"Although multiple-input multiple-output (MIMO) terahertz (THz) continuous-variable quantum key distribution (CVQKD) is theoretically secure, practical vulnerabilities may arise due to detector imperfections. This paper explores a CV measurement-device-independent (MDI) QKD system operating at THz frequencies within a MIMO framework. In this system, measurement is delegated to an untrusted third party, Charlie, rather than the receiver, eliminating all detector attacks and significantly enhancing the system's practical security. Using transmit-receive beamforming techniques, the system transforms MIMO channels into multiple parallel lossy quantum channels, enabling robust key distribution between Alice and Bob. This study examines entanglement-based and prepare-and-measure protocols, deriving secret key rates for both asymptotic and finite code scenarios. Simulations reveal the critical role of multiple antenna configurations and efficient homodyne detection in mitigating free-space path loss and maximizing key rates. Results indicate that system performance is optimized at lower THz frequencies for long-range transmissions and higher frequencies for short-range applications. The proposed protocol offers a scalable solution for secure quantum communications in next-generation wireless networks, demonstrating potential for deployment in both indoor and outdoor environments.",Leixin Wu; Congtian Deng; Jiayu Pan; Lingtao Zhang; Yanyan Feng; Runbo Zhao; Yang Shen; Yuying Zhang; Jian Zhou,2025-11-07T06:52:28Z,2025-11-07T06:52:28Z,,,quant-ph,quant-ph,https://arxiv.org/abs/2511.05021
2511.09020,1,A Quantum Tunneling and Bio-Phototactic Driven Enhanced Dwarf Mongoose Optimizer for UAV Trajectory Planning and Engineering Problem,"With the widespread adoption of unmanned aerial vehicles (UAV), effective path planning has become increasingly important. Although traditional search methods have been extensively applied, metaheuristic algorithms have gained popularity due to their efficiency and problem-specific heuristics. However, challenges such as premature convergence and lack of solution diversity still hinder their performance in complex scenarios. To address these issues, this paper proposes an Enhanced Multi-Strategy Dwarf Mongoose Optimization (EDMO) algorithm, tailored for three-dimensional UAV trajectory planning in dynamic and obstacle-rich environments. EDMO integrates three novel strategies: (1) a Dynamic Quantum Tunneling Optimization Strategy (DQTOS) to enable particles to probabilistically escape local optima; (2) a Bio-phototactic Dynamic Focusing Search Strategy (BDFSS) inspired by microbial phototaxis for adaptive local refinement; and (3) an Orthogonal Lens Opposition-Based Learning (OLOBL) strategy to enhance global exploration through structured dimensional recombination. EDMO is benchmarked on 39 standard test functions from CEC2017 and CEC2020, outperforming 14 advanced algorithms in convergence speed, robustness, and optimization accuracy. Furthermore, real-world validations on UAV three-dimensional path planning and three engineering design tasks confirm its practical applicability and effectiveness in field robotics missions requiring intelligent, adaptive, and time-efficient planning.",Mingyang Yu; Haorui Yang; Kangning An; Xinjian Wei; Xiaoxuan Xu; Jing Xu,2025-11-12T06:14:20Z,2025-11-12T06:14:20Z,,,cs.RO,cs.RO; math.OC,https://arxiv.org/abs/2511.09020
2511.15246,2,D2D Power Allocation via Quantum Graph Neural Network,"Increasing wireless network complexity demands scalable resource management. Classical GNNs excel at graph learning but incur high computational costs in large-scale settings. We present a fully quantum Graph Neural Network (QGNN) that implements message passing via Parameterized Quantum Circuits (PQCs). Our Quantum Graph Convolutional Layers (QGCLs) encode features into quantum states, process graphs with NISQ-compatible unitaries, and retrieve embeddings through measurement. Applied to D2D power control for SINR maximization, our QGNN matches classical performance with fewer parameters and inherent parallelism. This end-to-end PQC-based GNN marks a step toward quantum-accelerated wireless optimization.",Tung Giang Le; Xuan Tung Nguyen; Won-Joo Hwang,2025-11-19T09:05:29Z,2025-11-22T09:38:06Z,10.23919/ICMU65253.2025.11219153,2025 Fifteenth International Conference on Mobile Computing and Ubiquitous Networking (ICMU),cs.LG,cs.LG,https://arxiv.org/abs/2511.15246
2512.20624,1,Quantum-Inspired Multi Agent Reinforcement Learning for Exploration Exploitation Optimization in UAV-Assisted 6G Network Deployment,"This study introduces a quantum inspired framework for optimizing the exploration exploitation tradeoff in multiagent reinforcement learning, applied to UAVassisted 6G network deployment. We consider a cooperative scenario where ten intelligent UAVs autonomously coordinate to maximize signal coverage and support efficient network expansion under partial observability and dynamic conditions. The proposed approach integrates classical MARL algorithms with quantum-inspired optimization techniques, leveraging variational quantum circuits VQCs as the core structure and employing the Quantum Approximate Optimization Algorithm QAOA as a representative VQC based method for combinatorial optimization. Complementary probabilistic modeling is incorporated through Bayesian inference, Gaussian processes, and variational inference to capture latent environmental dynamics. A centralized training with decentralized execution CTDE paradigm is adopted, where shared memory and local view grids enhance local observability among agents. Comprehensive experiments including scalability tests, sensitivity analysis, and comparisons with PPO and DDPG baselines demonstrate that the proposed framework improves sample efficiency, accelerates convergence, and enhances coverage performance while maintaining robustness. Radar chart and convergence analyses further show that QI MARL achieves a superior balance between exploration and exploitation compared to classical methods. All implementation code and supplementary materials are publicly available on GitHub to ensure reproducibility.",Mazyar Taghavi; Javad Vahidi,2025-11-25T04:35:43Z,2025-11-25T04:35:43Z,10.1007/s42484-025-00335-8,"Quantum Mach. Intell. 7, 111 2025",cs.AI,cs.AI; math.OC,https://arxiv.org/abs/2512.20624
2512.02468,1,Quantum Optimization in Wireless Communication Systems: Principles and Applications,"Quantum optimization is poised to play a transformative role in the design of next-generation wireless communication systems by addressing key computational and technological challenges. This paper provides an overview of the principles of adiabatic quantum computing, the foundation of quantum optimization, and explores its two primary computational models: quantum annealing and the gate-based quantum approximate optimization algorithm. By highlighting their core features, performance benefits, limitations, and distinctions, we position these methods as promising tools for advancing wireless communication system design. As a case study, we examine the design of passive reconfigurable intelligent surface beamforming with binary phase-shift resolution, supported by experimental results obtained from real-world quantum hardware.",Ioannis Krikidis; Valentin Gilbert,2025-12-02T06:59:00Z,2025-12-02T06:59:00Z,,,cs.IT,cs.IT,https://arxiv.org/abs/2512.02468
2512.23400,2,"Quantum Intelligence Meets BD-RIS-Enabled AmBC: Challenges, Opportunities, and Practical Insights","A beyond-diagonal reconfigurable intelligent surface (BD-RIS) is an innovative type of reconfigurable intelligent surface (RIS) that has recently been proposed and is considered a revolutionary advancement in wave manipulation. Unlike the mutually disconnected arrangement of elements in traditional RISs, BD-RIS creates cost-effective and simple inter-element connections, allowing for greater freedom in configuring the amplitude and phase of impinging waves. However, there are numerous underlying challenges in realizing the advantages associated with BD-RIS, prompting the research community to actively investigate cutting-edge schemes and algorithms in this direction. Particularly, the passive beamforming design for BD-RIS under specific environmental conditions has become a major focus in this research area. In this article, we provide a systematic introduction to BD-RIS, elaborating on its functional principles concerning architectural design, promising advantages, and classification. Subsequently, we present recent advances and identify a series of challenges and opportunities. Additionally, we consider a specific case study where beamforming is designed using four different algorithms, and we analyze their performance with respect to sum rate and computation cost. To augment the beamforming capabilities in 6G BD-RIS with quantum enhancement, we analyze various hybrid quantum-classical machine learning (ML) models to improve beam prediction performance, employing real-world communication Scenario 8 from the DeepSense 6G dataset. Consequently, we derive useful insights about the practical implications of BD-RIS.",Abd Ullah Khan; Uman Khalid; Trung Q. Duong; Hyundong Shin,2025-12-29T11:43:41Z,2025-12-31T21:19:30Z,,,cs.SI,cs.SI; cs.LG,https://arxiv.org/abs/2512.23400
2601.11117,1,UAV-Deployed OAM-BB84 QKD: Turbulence- and Misalignment-Resilient Decoy-State Finite-Key Security with AI-Assisted Calibration,"We present a theoretical framework for quantum key distribution (QKD) using orbital angular momentum (OAM) encoded BB84 on an unmanned aerial vehicle (UAV) platform. A unified channel model captures Kolmogorov turbulence, pointing induced misalignment, and finite aperture clipping, enabling quantitative predictions of inter mode crosstalk and the resulting quantum bit error rate (QBER). Using a weak plus vacuum decoy state formulation, we derive composable finite key lower bounds on the secret key rate that incorporate statistical fluctuations, detector dark counts, efficiency mismatch, and error correction leakage. To stabilize performance under non stationary flight conditions, we introduce a lightweight physics informed learning module that combines physical priors with measured link statistics to classify valid pulses, reject corrupted data, and recommend decoding strategies. We outline a complete evaluation pipeline including UAV system architecture, turbulence driven QBER maps, decoy optimization, finite key scaling, and AI calibration metrics. Simulations indicate that under moderate turbulence and milliradian level pointing jitter, the proposed AI assisted method can improve the secret key rate by 10 percent to 30 percent while preserving composable security.",Linxier Deng,2026-01-16T09:23:33Z,2026-01-16T09:23:33Z,,,quant-ph,quant-ph,https://arxiv.org/abs/2601.11117
2601.20877,1,AI Optimized Routing and Resource Allocation for Quantum Enabled Non Terrestrial Industrial Networks,The industrial transformation of Industry 4 and 5 results in cyber physical production systems that require secure resilient and energy efficient connectivity over integrated terrestrial and nonterrestrial networks NTNs Since its operation over fiber spans over 5G or 6G infrastructures to Low Earth Orbit LEO satellites quantum communication techniques enabled by Quantum Key Distribution QKD together with entanglement assisted links have the potential for high assurance security as well as synchronization But quantum channels are extremely vulnerable to any kind of impairment be it environmental or physicalsuch as effects induced by atmospheric turbulence pointing errors Doppler shifts satellite motion restricted optical power and limited quantum memory All these factors make for a tightly coupled routing and resource allocation problem that unfortunately cannot be addressed at scale by existing approaches to network control.,Sathish Krishna Anumula; Harinatha Reddy Chennam; Ranganath Nagesh Taware; Balakumar Ravindranath Kunthu,2026-01-21T14:11:27Z,2026-01-21T14:11:27Z,,,quant-ph,quant-ph,https://arxiv.org/abs/2601.20877
2601.18198,1,"Scalable Quantum Message Passing Graph Neural Networks for Next-Generation Wireless Communications: Architectures, Use Cases, and Future Directions","Graph Neural Networks (GNNs) are eminently suitable for wireless resource management, thanks to their scalability, but they still face computational challenges in large-scale, dense networks in classical computers. The integration of quantum computing with GNNs offers a promising pathway for enhancing computational efficiency because they reduce the model complexity. This is achieved by leveraging the quantum advantages of parameterized quantum circuits (PQCs), while retaining the expressive power of GNNs. However, existing pure quantum message passing models remain constrained by the limited number of qubits, hence limiting the scalability of their application to the wireless systems. As a remedy, we conceive a Scalable Quantum Message Passing Graph Neural Network (SQM-GNN) relying on a quantum message passing architecture. To address the aforementioned scalability issue, we decompose the graph into subgraphs and apply a shared PQC to each local subgraph. Importantly, the model incorporates both node and edge features, facilitating the full representation of the underlying wireless graph structure. We demonstrate the efficiency of SQM GNN on a device-to-device (D2D) power control task, where it outperforms both classical GNNs and heuristic baselines. These results highlight SQM-GNN as a promising direction for future wireless network optimization.",Le Tung Giang; Nguyen Xuan Tung; Trinh Van Chien; Lajos Hanzo; Won-Joo Hwang,2026-01-26T06:34:21Z,2026-01-26T06:34:21Z,,,cs.IT,cs.IT,https://arxiv.org/abs/2601.18198
2602.13238,2,Securing SIM-Assisted Wireless Networks via Quantum Reinforcement Learning,"Stacked intelligent metasurfaces (SIMs) have recently emerged as a powerful wave-domain technology that enables multi-stage manipulation of electromagnetic signals through multilayer programmable architectures. While SIMs offer unprecedented degrees of freedom for enhancing physical-layer security, their extremely large number of meta-atoms leads to a high-dimensional and strongly coupled optimization space, making conventional design approaches inefficient and difficult to scale. Moreover, existing deep reinforcement learning (DRL) techniques suffer from slow convergence and performance degradation in dynamic wireless environments with imperfect knowledge of passive eavesdroppers. To address these challenges, we propose a hybrid quantum proximal policy optimization (QPPO) framework for SIM-assisted secure communications that jointly optimizes transmit power allocation and SIM phase shifts to maximize the average secrecy rate under power and quality-of-service constraints. Specifically, a parameterized quantum circuit is embedded into the actor network, forming a hybrid classical-quantum policy architecture that enhances policy representation capability and exploration efficiency in high-dimensional continuous action spaces. Extensive simulations demonstrate that the proposed Q-PPO scheme consistently outperforms DRL baselines, achieving approximately 15% higher secrecy rates and 30% faster convergence under imperfect eavesdropper channel state information. These results establish Q-PPO as a powerful optimization paradigm for SIM-enabled secure wireless networks.",Le-Hung Hoang; Quang-Trung Luu; Dinh Thai Hoang; Diep N. Nguyen; Van-Dinh Nguyen,2026-01-29T18:53:33Z,2026-05-28T05:03:41Z,,,cs.NI,cs.NI; cs.LG,https://arxiv.org/abs/2602.13238
2603.01222,1,Communication-Efficient Quantum Federated Learning over Large-Scale Wireless Networks,"Quantum federated learning (QFL) combines the robust data processing of quantum computing with the privacy-preserving features of federated learning (FL). However, in large-scale wireless networks, optimizing sum-rate is crucial for unlocking the true potential of QFL, facilitating effective model sharing and aggregation as devices compete for limited bandwidth amid dynamic channel conditions and fluctuating power resources. This paper studies a novel sum-rate maximization problem within a muti-channel QFL framework, specifically designed for non-orthogonal multiple access (NOMA)-based large-scale wireless networks. We develop a sum-rate maximization problem by jointly considering quantum device's channel selection and transmit power. Our formulated problem is a non-convex, mixed-integer nonlinear programming (MINLP) challenge that remains non-deterministic polynomial time (NP)-hard even with specified channel selection parameters. The complexity of the problem motivates us to create an effective iterative optimization approach that utilizes the sophisticated quantum approximate optimization algorithm (QAOA) to derive high-quality approximate solutions. Additionally, our study presents the first theoretical exploration of QFL convergence properties under full device participation, rigorously analyzing real-world scenarios with nonconvex loss functions, diverse data distributions, and the effects of quantum shot noise. Extensive simulation results indicate that our multi-channel NOMA-based QFL framework enhances model training and convergence behavior, surpassing conventional algorithms in terms of accuracy and loss. Moreover, our quantum-centric joint optimization approach achieves more than a 100% increase in sum-rate while ensuring rapid convergence, significantly outperforming the state-of-the-arts.",Shaba Shaon; Christopher G. Brinton; Dinh C. Nguyen,2026-03-01T18:41:15Z,2026-03-01T18:41:15Z,,,cs.IT,cs.IT; cs.AI,https://arxiv.org/abs/2603.01222
2603.02579,1,Joint Optimization of Model Partitioning and Resource Allocation for Anti-Jamming Collaborative Inference Systems,"With the increasing computational demands of deep neural network (DNN) inference on resource-constrained devices, DNN partitioning-based device-edge collaborative inference has emerged as a promising paradigm. However, the transmission of intermediate feature data is vulnerable to malicious jamming, which significantly degrades the overall inference performance. To counter this threat, this letter focuses on an anti-jamming collaborative inference system in the presence of a malicious jammer. In this system, a DNN model is partitioned into two distinct segments, which are executed by wireless devices and edge servers, respectively. We first analyze the effects of jamming and DNN partitioning on inference accuracy via data regression. Based on this, our objective is to maximize the system's revenue of delay and accuracy (RDA) under inference accuracy and computing resource constraints by jointly optimizing computation resource allocation, devices' transmit power, and DNN partitioning. To address the mixed-integer nonlinear programming problem, we propose an efficient alternating optimization-based algorithm, which decomposes the problem into three subproblems that are solved via Karush-Kuhn-Tucker conditions, convex optimization methods, and a quantum genetic algorithm, respectively. Extensive simulations demonstrate that our proposed scheme outperforms baselines in terms of RDA.",Mengru Wu; Jiawei Li; Jiaqi Wei; Bin Lyu; Kai-Kit Wong; Hyundong Shin,2026-03-03T03:52:52Z,2026-03-03T03:52:52Z,,,cs.LG,cs.LG; eess.SY,https://arxiv.org/abs/2603.02579
2603.15649,1,Quantum Key Distribution Secured Federated Learning for Channel Estimation and Radar Spectrum Sensing in 6G Networks,"This paper presents a federated learning framework secured by quantum key distribution (QKD) for wireless channel estimation and radar spectrum sensing in the next generation networks (NextG or Beyond 6G). A BB84-style protocol abstraction and pairwise additive masking are utilized to train clients' local models (CNN for channel estimation, U-Net for radar segmentation) and upload only masked model updates. The server aggregates without observing plain parameters; an eavesdropper without QKD keys cannot recover individual updates. Experiments show that secure FL achieves NMSE of 0.216 for channel estimation and 92.1\% accuracy with 0.72 mIoU for radar sensing. When an eavesdropper is present, QBER rises to $\sim$25\% and all rounds abort as intended; reconstruction error remains below $10^{-5}$, confirming correct aggregation.",Ferhat Ozgur Catak; Murat Kuzlu; Jungwon Seo; Umit Cali,2026-03-05T08:50:27Z,2026-03-05T08:50:27Z,,,cs.CR,cs.CR; cs.IT; cs.LG,https://arxiv.org/abs/2603.15649
2603.09082,1,PPO-Based Hybrid Optimization for RIS-Assisted Semantic Vehicular Edge Computing,"To support latency-sensitive Internet of Vehicles (IoV) applications amidst dynamic environments and intermittent links, this paper proposes a Reconfigurable Intelligent Surface (RIS)-aided semantic-aware Vehicle Edge Computing (VEC) framework. This approach integrates RIS to optimize wireless connectivity and semantic communication to minimize latency by transmitting semantic features. We formulate a comprehensive joint optimization problem by optimizing offloading ratios, the number of semantic symbols, and RIS phase shifts. Considering the problem's high dimensionality and non-convexity, we propose a two-tier hybrid scheme that employs Proximal Policy Optimization (PPO) for discrete decision-making and Linear Programming (LP) for offloading optimization. {The simulation results have validated the proposed framework's superiority over existing methods. Specifically, the proposed PPO-based hybrid optimization scheme reduces the average end-to-end latency by approximately 40% to 50% compared to Genetic Algorithm (GA) and Quantum-behaved Particle Swarm Optimization (QPSO). Moreover, the system demonstrates strong scalability by maintaining low latency even in congested scenarios with up to 30 vehicles.",Wei Feng; Jingbo Zhang; Qiong Wu; Pingyi Fan; Qiang Fan,2026-03-10T01:47:10Z,2026-03-10T01:47:10Z,,,cs.LG,cs.LG; cs.NI,https://arxiv.org/abs/2603.09082
2603.13716,1,Multi-Agent SAC Enabled Beamforming Design for Joint Secret Key Generation and Data Transmission,"Physical layer key generation (PLKG) has emerged as a promising solution for achieving highly secured and low-latency key distribution, offering information-theoretic security that is inherently resilient to quantum attacks. However, simultaneously ensuring a high data transmission rate and a high secret key generation rate under eavesdropping attacks remains a major challenge. In time-division duplex (TDD) systems with multiple antennas, we derive closed-form expressions for both rates by modeling the legitimate channel as a time-correlated autoregressive (AR) process. This formulation leads to a highly nonconvex and time-coupled optimization problem, rendering traditional optimization methods ineffective. To address this issue, we propose a multi-agent soft actor-critic (SAC) framework equipped with a long short-term memory (LSTM) adversary prediction module to cope with the partial observability of the eavesdropper's mode. Simulation results demonstrate that the proposed approach achieves superior performance compared with other benchmark algorithms, while effectively balancing the trade-off between secret key generation rate and data transmission rate. The results also confirm the robustness of the proposed framework against intelligent eavesdropping and partial observation uncertainty.",Ziao Wang; Zheng Dong; He Chen; Jun Chen; Dongxiao Yu,2026-03-14T02:49:20Z,2026-03-14T02:49:20Z,,,cs.IT,cs.IT; eess.SP,https://arxiv.org/abs/2603.13716
2604.00480,1,Penalty-Free Two-Step Optimization of Higher-Order Ising Problems for Two-Dimensional Line-Controlled RIS,"Reconfigurable intelligent surfaces (RISs) are often assumed to allow continuous phase control over all elements, leading to hardware cost that scales with the number of elements. Treating the phase of each element as a discrete variable is essential for improving cost effectiveness toward ubiquitous RIS deployment. However, the resulting discrete optimization problem is inherently difficult to solve. To address this challenge, this letter proposes a two-dimensional line-control method to reduce the degrees of freedom of the phase variables. The formulation yields a fourth-order objective function and is not directly compatible with physical optimizers such as coherent Ising machines and quantum annealers, which are designed for quadratic interactions. Conventional methods for reducing the order of the objective function with additional auxiliary variables increase the number of variables and require additional penalty parameters, limiting scalability. We therefore propose a two-step optimization method that transforms the fourth-order objective into two successive quadratic optimization problems. For a RIS with 5,476 elements, the required number of discrete variables is reduced from 11,100 to 5,476. Experiments using a real coherent Ising machine demonstrated that the proposed approach solved the discrete-phase optimization problem with 5,476 elements, while limiting the beamforming-gain loss to 2 dB compared with the full continuous-control case.",Tasuku Okamoto; Naoki Ishikawa; Daisuke Kitayama; Yuto Hama; Kensuke Inaba; Toshimori Honjo; Hiroki Takesue; Hiroyuki Takahashi,2026-04-01T04:54:55Z,2026-04-01T04:54:55Z,,,eess.SP,eess.SP,https://arxiv.org/abs/2604.00480
2604.10453,1,Quantum Graph Neural Networks for Double-Sided Reconfigurable Intelligent Surface Optimization,"As a key enabler for sixth-generation (6G) wireless communications, reconfigurable intelligent surfaces (RISs) provide the flexibility to control signal strength. Nevertheless, optimizing hundreds of elements is computationally expensive. To overcome this challenge, we present a quantum framework (QGCN) to jointly optimize the physical and electromagnetic response of a double-sided RIS design that incorporates discrete phase shifts and inter-element coupling. The core contribution is the adaptive activation or deactivation of elements, allowing a virtual spacing mechanism using PIN diode switches. We then solve a multi-objective problem that maximizes the minimum user data rate subject to constraints on aperture length and mutual coupling between active elements. Experimental results on IBM Quantum's 127-qubit ibm_kyiv superconducting processor demonstrate that the proposed QGCN algorithm reduces both per-iteration computational complexity and memory requirements compared to existing approaches. Also, the QGCN outperforms classical graph neural networks (GNN) on an equivalent graph topology by an additional $+$0.38 bps/Hz. This advantage is increasing with increasing array sizes.",Noha Hassan; Xavier Fernando; Halim Yanikomeroglu,2026-04-12T04:31:37Z,2026-04-12T04:31:37Z,,,eess.SY,eess.SY,https://arxiv.org/abs/2604.10453
2604.17690,1,Path-Based Quantum Meta-Learning for Adaptive Optimization of Reconfigurable Intelligent Surfaces,"Reconfigurable intelligent surfaces (RISs) modify signal reflections to enhance wireless communication capabilities. Classical RIS phase optimization is highly non convex and challenging in dynamic environments due to high interference and user mobility. Here we propose a hierarchical multi-objective quantum metalearning algorithm that switches among specific quantum paths based on historical success, energy cost, and current data rate. Candidate RIS control directions are arranged as switch paths between quantum neural network layers to minimize inference, and a scoring mechanism selects the top performing paths per layer. Instead of merely storing past successful settings of the RIS and picking the closest match when a new problem is encountered, the algorithm learns how to select and recombine the best parts of different solutions to solve new scenarios. In our model, high-dimensional RIS scenario features are compressed into a quantum state using the tensor product, then superimposed during quantum path selection, significantly improving quantum computational advantage. Results demonstrate efficient performance with enhanced spectral efficiency, convergence rate, and adaptability.",Noha Hassan; Xavier Fernando; Halim Yanikomeroglu,2026-04-20T01:10:55Z,2026-04-20T01:10:55Z,,,eess.SY,eess.SY; cs.LG,https://arxiv.org/abs/2604.17690
2605.00970,1,Split and Aggregation Learning for Foundation Models Over Mobile Embodied AI Network (MEAN): A Comprehensive Survey,"The rapid advancements in foundation models and sixth-generation (6G) wireless communication systems necessitate the development of efficient, scalable, and privacy-preserving machine learning approaches. For foundation models in 6G, split learning (SL) and aggregation learning (AL) have emerged as promising paradigms that address key challenges in distributed artificial intelligence (AI), such as communication efficiency, resource allocation, and data privacy. SL enables multiple entities to collaboratively train deep learning models by partitioning neural networks, while AL focuses on aggregating intermediate results or model updates from multiple participants, improving robustness, optimizing resource utilization, and mitigating data leakage risks. Specifically, SL is ideal for scenarios requiring strict data isolation (e.g., vertical collaborations), whereas AL suits homogeneous horizontal data settings; they can be combined to balance privacy and communication efficiency. This survey provides a comprehensive analysis of SL and AL in 6G communication systems, exploring their architectures, technical methodologies, and integration with AI-native 6G communication technologies. We examine different SL configurations, aggregation techniques, and their roles in optimizing distributed foundation models. Furthermore, we discuss their applications in emerging wireless networks, including semantic communication, reconfigurable intelligent surfaces (RIS), space-air-ground integrated networks (SAGINs), and quantum communication. By analyzing the impact of SL and AL, this survey provides insights into their role in shaping distributed AI-driven communication systems in the 6G era, focusing on efficiency, privacy preservation, and scalability.",Qianzhou Chen; Siqi Sun; Minrui Xu; Sijie Ji; Jiawen Kang; Yijie Mao; Zhouxiang Zhao; Zhaohui Yang; Dusit Niyato,2026-05-01T16:44:33Z,2026-05-01T16:44:33Z,,,cs.IT,cs.IT,https://arxiv.org/abs/2605.00970
2605.19233,2,Quantum Machine Learning for Cyber-Physical Anomaly Detection in Unmanned Aerial Vehicles: A Leakage-Free Evaluation with Proxy-Audited Feature Sets,"Unmanned aerial vehicles (UAVs) are cyber-physical systems whose attack surface spans networked avionics and on-board sensor fusion: a compromised GPS or battery module can mimic a benign mission segment and evade naive anomaly detectors. We present a leakage-free evaluation of quantum machine learning for UAV anomaly detection on the multi-sensor TLM:UAV benchmark. Three contributions support the study. (i) A group-aware temporal protocol (B2) partitions the dataset into ten contiguous TimeUS blocks and evaluates over ten seeds, eliminating the inflation produced by random stratified splits that mix neighbouring samples. (ii) A three-mode feature audit (full/loose/strict) quantifies how much accuracy stems from instantaneous physical signals versus contextual proxies (cumulative energy, battery state, GPS trajectory). (iii) A hybrid XGBoost + Data Reuploading (DRU) classifier is benchmarked against five paired non-linear controls (raw, PCA, polynomial-2, random-RBF, and an untrained DRU map) under identical budgets. The standalone DRU does not consistently match the strongest classical baseline across seeds; however, the trained-DRU hybrid is the only model whose mean F1 macro shifts upward from full to strict (+0.05), a directional signal that the per-seed standard deviations prevent from being interpreted as a statistically established difference. The trained-DRU hybrid also records the lowest mean false-alarm rate under proxy-free evaluation, subject to the inter-seed variance reported. We frame this as an incremental, reproducible quantum-enhanced hybrid benefit, and provide an open Qiskit 2.x implementation as a benchmark for cybersecurity analytics in NISQ-era aerospace systems.",Carlos A. Durán Paredes; Javier E. León Calderón; Nicolás Sánchez Perea; Germán Darío Díaz; Camilo Segura Quintero,2026-05-19T01:05:16Z,2026-05-28T20:54:55Z,,,cs.CR,cs.CR; cs.LG; quant-ph,https://arxiv.org/abs/2605.19233
2605.24187,1,Digital twins for compact hybrid quantum classical learning in FMCW radar detection,"Frequency-modulated continuous-wave radar sensing often relies on labeled measurements that are costly, restricted, or difficult to collect at scale. This work evaluates physics-informed digital twins as controlled testbeds for early-stage quantum-classical radar learning. Two synthetic radar benchmarks are considered: unmanned aerial vehicle classification from range-Doppler maps and human fall detection from Doppler-time spectrograms. For both tasks, inputs are standardized, reduced using principal component analysis, and classified using either a radial basis function support vector classifier or a quantum support vector classifier. All quantum-kernel results are obtained using noiseless classical simulation; no quantum hardware is used, and no quantum-advantage claim is made. Across five random seeds, the quantum support vector classifier improves the UAV benchmark from four principal components onward, reaching an accuracy of 0.941 +/- 0.012 at eight components, compared with 0.880 +/- 0.029 for the classical baseline. On the fall-detection benchmark, both classifiers perform similarly, with a small quantum-kernel improvement at higher feature dimensions. A Gaussian-noise robustness study shows limited performance degradation across the tested noise levels, while preserving the UAV quantum-kernel gain. These results support digital twins as useful, controlled environments for radar-QML benchmarking prior to measured-data validation and hardware execution.",Sebastian Ratto Valderrama; Ahmed N. Sayed; Arien Sligar; Jose R. Rosas-Bustos; Omar M. Ramahi; George Shaker,2026-05-22T20:26:31Z,2026-05-22T20:26:31Z,,,quant-ph,quant-ph; eess.SP,https://arxiv.org/abs/2605.24187
2606.25480,1,Rate-Aware Quantum-Inspired Trajectory Learning for Interference-Limited Multi-UAV Networks,"Unmanned aerial vehicle (UAV) can provide on-demand, high-capacity connectivity in disaster and normal situation. However, it faces a challenge of curse of dimensionality in trajectory optimization, where interference-limited environments and vast search spaces make real-time coordination computationally expensive. To overcome this challenge, we propose the Rate-Aware Quantum-Annealed Graph Condensation (RA-QAGC) scheme, which combines rate-aware graph abstraction with decentralized reinforcement learning to enable scalable, interference-aware UAV coordination. By identifying high throughput locations and guiding UAV trajectory adaptation toward throughput-optimal regions, RA-QAGC effectively balances network capacity by maintaining quality-of-service (QoS) requirements. Simulation results demonstrate the proposal outperformed over existing schemes by achieving 59.4 Mbps total throughput and 23.9 Mbps priority-user throughput, representing gains of approximately 15% and 34%, respectively, over the baseline schemes.",Khaoula Khaled; Muhammad Afaq; Ali Arshad Nasir; Zeeshan Kaleem,2026-06-24T07:10:37Z,2026-06-24T07:10:37Z,,,cs.MA,cs.MA; cs.AI,https://arxiv.org/abs/2606.25480
2606.25957,1,From Rubble Simulation to Active Magnetic Mapping: Quantum Sensing for Disaster Response,"Locating survivors of building collapses within the first 72 hours is a critical challenge in disaster response, and existing sensing modalities provide only partial information about the structure beneath the rubble. This paper proposes drone-based quantum magnetometry as a complementary modality and develops a simulation pipeline spanning rubble physics, sensor-array deployment, and active spatial reconstruction. We use Unreal Engine to generate a steel-reinforced concrete parking-garage collapse and compute the induced magnetic field via a per-triangle dipole approximation, establishing that meaningful magnetic structure is recoverable in the sub-pT to sub-nT range from roughly 1 m above the roofline. Then, we feed sparse multi-sensor samples into a Gaussian Process Regression back-end driven by Bayesian active sampling and validate the pipeline across multiple independent collapse realizations; a three-sensor array optimizes the trade-off between gradient resolution and UAV payload constraints, and active sampling reaches peak structural correlation in roughly $100$ samples. Together, these results indicate that quantum-grade sensing could become a useful tool for drone-based structural analysis and potentially void detection in collapsed buildings.",Samuel Tovey; Stefan Prestel; Hiroshi Yamauchi,2026-06-24T15:29:26Z,2026-06-24T15:29:26Z,,,cs.RO,cs.RO; physics.app-ph; quant-ph,https://arxiv.org/abs/2606.25957
2607.03246,1,Bridging the Semantic Gap in 6G: Tiny Language Models Under the Latency-Accuracy-Size Trilemma,"Sixth-generation (6G) wireless networks are expected to serve as AI-native infrastructure, transmitting meaning rather than mere bits -- a shift that makes semantic communication the central paradigm for next-generation connectivity. Deep learning-based semantic encoders show compelling gains in bandwidth efficiency; however, their dependence on large transformer models with hundreds of millions of parameters is at odds with the sub-millisecond latency, microjoule energy budgets, and kilobyte memory footprints of the constrained IoT and edge devices that will dominate 6G endpoints. Tiny language models (t-LMs) -- compact, quantised, task-specialised models deployable on microcontrollers, mobile system-on-chips, and edge accelerators -- are the enabling technology for closing this gap. This review provides a unified treatment of (i) the theoretical foundations of semantic information, covering semantic entropy, channel capacity, and rate-distortion theory; (ii) a two-axis taxonomy of t-LM-based semantic communication systems across five architecture classes and six compression paradigms; (iii) a survey of model compression techniques -- quantisation, pruning, knowledge distillation, low-rank adaptation, split computing, and neural architecture search -- through the lens of semantic quality preservation; and (iv) semantic-aware resource allocation frameworks for 6G multi-user networks. Evidence across the surveyed literature shows that compression can reduce semantic encoder size by up to 99.98% while preserving task accuracy, that split computing achieves device-side encoders with as few as 640 parameters, and that knowledge graph integration cuts transmission energy by 65%. Seven open challenges are identified, spanning theoretical gaps, system design, knowledge-base management, post-quantum security, and hardware co-design, with a 3GPP standardisation roadmap toward IMT-2030.",Arnav Mathur; Garima Mathur; Rahul Jashvantbhai Pandya,2026-07-03T12:02:55Z,2026-07-03T12:02:55Z,,,eess.SP,eess.SP,https://arxiv.org/abs/2607.03246
2608.08280,2,"Machine Learning for Specialized QKD Aspects: A Survey of Adaptive Protocols, Free-Space Links, 6G Integration, and Steerability-Aware Security","Quantum Key Distribution (QKD) provides information-theoretic security grounded in the laws of quantum mechanics, yet practical deployment increasingly extends beyond conventional point-to-point fiber links. Several rapidly emerging QKD directions are often studied separately, including adaptive protocol and parameter support; free-space, satellite, UAV, and high-altitude platform (HAP) channels; integration with IoT and 6G networks; quantum-secured federated learning; Quantum Machine Learning (QML) assisted decision support; and steerability-aware estimation for one-sided device-independent QKD. This survey examines how Machine Learning (ML), Reinforcement Learning (RL), and QML address these specialized scenarios and organizes the literature into five thematic pillars: (I) adaptive protocol and parameter support; (II) free-space, satellite, UAV, and HAP-assisted QKD; (III) QKD for IoT, 6G, and quantum-secured federated learning; (IV) QML-assisted QKD functions; and (V) steerability-aware and one-sided device-independent QKD security estimation. For each theme, we follow a consistent problem, conventional solution, and ML/RL/QML solution structure and summarize reported gains using metrics such as accuracy, mean absolute percentage error, QBER reduction, and secret key rate improvement. We further provide thematic and cross-theme comparison tables and identify open challenges, including dataset scarcity, transferability across weather and mobility conditions, interpretability, trustworthy QML, and the boundary between ML-based decision support and security certification. This survey serves as a focused reference for adaptive, non-terrestrial, and application-integrated QKD systems.",Hasan Abbas Al-Mohammed; Afnan S. Al-Ali,2026-08-08T18:22:42Z,2026-08-18T17:27:07Z,,,quant-ph,quant-ph,https://arxiv.org/abs/2608.08280
2608.10671,1,Quantum Computing for Industrial Electromagnetics: Applicability and Case Studies in Solving Maxwell's Equations,"Computational electromagnetics plays a central role in many industrial applications but often requires substantial computational resources, particularly when fine spatial discretizations are needed. While classical approaches remain the standard, quantum computing offers the potential to accelerate large-scale simulations by encoding them with a limited number of qubits. Here, we investigate the performance and resource scaling of the Harrow-Hassidim-Lloyd (HHL) and Quantum Singular Value Transformation (QSVT) algorithms for solving linear systems generated by the finite-difference time-domain (FDTD) method, a widely adopted numerical scheme for discretizing Maxwell's equations. We benchmark their performance across representative industrial use cases, including radar propagation, lens simulations, and beamforming processes. Our results demonstrate the validity of the approaches, achieving state infidelities smaller than $2\cdot 10^{-3}$ with success probabilities greater than $10^{-3}$, compatible with practical quantum state sampling. Overall, we observe that the QSVT method consistently delivers higher accuracy. We further observe that the condition number of the linear matrix, a key factor governing the performance of quantum solvers, saturates as the number of spatial lattice points increases. This implies that the spatial grid can be scaled to realistic industrial dimensions without increasing the HHL or QSVT circuit depth due to ill-conditioned matrices.",Francesco Turro; Marco Maronese; Daniele Dragoni,2026-08-11T08:52:25Z,2026-08-11T08:52:25Z,,,quant-ph,quant-ph,https://arxiv.org/abs/2608.10671
2609.01930,1,Quantum-Based k-Coverage Optimization for UAV-Aided Search and Rescue Missions,"In large-scale disaster scenarios, rapid localization of missing persons is a critical challenge for search-and-rescue (SAR) operations. Unmanned aerial vehicles (UAVs) equipped with radio frequency (RF) receivers can support RF-based localization by collecting signals emitted from mobile devices at spatially distributed sensing locations. This paper addresses the resulting waypoint-selection problem: determining a minimum set of UAV waypoints that provides at least threefold coverage of every potential target location. We formulate this task as an extended k-coverage problem that independently defines the UAV-navigable and target regions, and derive an exact-penalty quadratic unconstrained binary optimization (QUBO) formulation with a sufficient penalty condition that preserves feasibility and minimum waypoint cardinality. The QUBO is mapped to an Ising-form cost Hamiltonian and evaluated using the quantum approximate optimization algorithm (QAOA) on both a noise-free simulator and IBM's 127-qubit Eagle processor. On the tested simulator instances, QAOA recovers the known minimum-cardinality solutions. Across the rectangular hardware test cases, the mean 3-coverage ratio exceeded 95%. In the campus-scale evaluation, ten hardware executions achieved 99.3% mean 3-coverage with a 90% feasible-run rate, while the shortest feasible flight path was up to 37.0% shorter than those of the deterministic grid-based baselines. Additional comparisons with classical optimization and learning-based baselines are provided, together with computational and quantum-resource analyses for larger generated instances. These results establish an exact QUBO representation for RF-based SAR waypoint selection and characterize its implementation on current gate-based quantum hardware.",Halim Lee; Suhui Jeong; Na Young Kim; Jiwon Seo,2026-09-01T22:58:44Z,2026-09-01T22:58:44Z,10.1109/JIOT.2026.3729685,,eess.SY,eess.SY,https://arxiv.org/abs/2609.01930
2609.16019,1,Joint UAV Activation and Placement for Post-Disaster Wireless Restoration via a Hybrid Quantum-Inspired Evolutionary Framework,"In post-disaster environments, the failure of terrestrial communication infrastructure necessitates the rapid deployment of unmanned aerial vehicles (UAVs) as aerial base stations to restore wireless connectivity. This paper addresses the joint UAV activation-and-placement problem in continuous space, with the objective of minimizing the number of deployed UAVs while satisfying coverage and minimum-separation constraints. To solve this problem, we propose a Hybrid K-means Quantum-Inspired Evolutionary Algorithm (HKQEA) that combines K-means-guided initialization, a calibrated penalty-based feasibility objective, non-elitist evolutionary search, and a quantum-inspired learning update. Experimental results over 50 independent runs show that HKQEA attains a best fully feasible solution with 8 UAVs, while achieving average values of 98.94\% for coverage, 99.94\% for non-overlap, and 99.68\% for minimum-distance satisfaction. Comparative evaluation against standard Non-dominated Sorting Genetic Algorithm II (NSGA-II), Particle Swarm Optimization algorithm (PSO) and an elitist variant of HKQEA further shows that the proposed method provides a more favorable balance among exploration, convergence behavior, and reliable feasibility preservation in constrained deployment problems. An illustrative procurement-level cost analysis also indicates that reducing the fleet from 10 UAVs to 8 can yield a 20\% reduction in hardware count, corresponding to a simplified savings ratio of 25\% for the studied deployment setting. These results demonstrate the potential of the proposed framework for resource-efficient post-disaster communication restoration.",Fatima Azzahraa Amarcha; Lahcen Hassine; Rachid Saadane; Mohamed Rahouti; Rachid Ahl Laamara; Abdallah Slaoui; Hany S. khalifa,2026-09-07T12:00:20Z,2026-09-07T12:00:20Z,10.1007/s44443-026-01124-4,"J. King Saud Univ. Comput. Inf. Sci. 38, 836 (2026)",cs.NE,cs.NE,https://arxiv.org/abs/2609.16019
